,Construction & immobilier,Finance,Industrie,Info-com,Primaires & énergie,Public & services non-marchands,Services,Services pro
Construction & immobilier,0.0,0.09180528424142081,0.04430774255070497,0.04232274407321926,0.03183194657328819,0.35165224915897614,0.3199309998296179,0.1181490335727727
Finance,0.25457306010777553,0.0,0.06352950916935249,0.029925079517211677,0.051587467749623646,0.2689417260979627,0.18663819617968933,0.1448049611783846
Industrie,0.2286904034441853,0.016662500607738353,0.0,0.0469870960880644,0.11121055814709951,0.29570416069315614,0.2255243469053854,0.07522093411437077
Info-com,0.058195398161696936,0.09958141778902088,0.06338344113944525,0.0,0.023974802078022998,0.29741044855417,0.23189813941644,0.22555635286120398
Primaires & énergie,0.12461734183295302,0.008340922145705755,0.6056528388428786,0.008270377572539515,0.0,0.11143192965886389,0.11434939501281195,0.027337194934247452
Public & services non-marchands,0.143104309898265,0.10886910357461665,0.11598132166196376,0.12138051279191686,0.1045158881575181,0.0,0.26259633005402055,0.14355253386169914
Services,0.120530507140571,0.034140389853190324,0.40489062371381024,0.05123439009504601,0.07346995259113713,0.2179259832433405,0.0,0.09780815336290472
Services pro,0.12335213735821472,0.09603744486330111,0.1328995711211995,0.11389996471029809,0.0476287759400778,0.21372733808407782,0.27245476792283085,0.0
